{
  "1": {
    "bread 700g": 0.15333333333333332,
    "coffee large": 0.32,
    "doughnut cold": 0.17666666666666667,
    "milk 2l": 0.18,
    "snickers 37g": 0.17
  },
  "3": {
    "bread 700g": 0.18840579710144928,
    "coffee large": 0.16521739130434782,
    "doughnut cold": 0.3652173913043478,
    "milk 2l": 0.14782608695652175,
    "snickers 37g": 0.13333333333333333
  }
}